{"cameraMode":{"drawMode":0,"name":"Shaded","section":"Shading Mode"},"sceneLighting":true,"audioPlay":false,"sceneViewState":{"m_AlwaysRefresh":false,"showFog":true,"showSkybox":false,"showFlares":true,"showImageEffects":true,"showParticleSystems":true,"showVisualEffectGraphs":true,"m_FxEnabled":true},"in2DMode":false,"pivot":{"x":0.20557153224945069,"y":0.5621140003204346,"z":-0.1259981393814087},"rotation":{"x":0.26642948389053347,"y":-0.6873030066490173,"z":0.30323293805122378,"w":0.603906512260437},"size":0.8553860187530518,"orthographic":false}