{"cameraMode":{"drawMode":0,"name":"Shaded","section":"Shading Mode"},"sceneLighting":false,"audioPlay":false,"sceneViewState":{"m_AlwaysRefresh":false,"showFog":true,"showSkybox":false,"showFlares":true,"showImageEffects":true,"showParticleSystems":true,"showVisualEffectGraphs":true,"m_FxEnabled":true},"in2DMode":false,"pivot":{"x":0.06000000238418579,"y":0.5699999928474426,"z":1.6781895160675049},"rotation":{"x":-0.060191765427589419,"y":0.9074013829231262,"z":-0.3920257091522217,"w":-0.13935939967632295},"size":0.2574518322944641,"orthographic":false}