{"cameraMode":{"drawMode":0,"name":"Shaded","section":"Shading Mode"},"sceneLighting":false,"audioPlay":false,"sceneViewState":{"m_AlwaysRefresh":false,"showFog":true,"showSkybox":false,"showFlares":true,"showImageEffects":true,"showParticleSystems":true,"showVisualEffectGraphs":true,"m_FxEnabled":true},"in2DMode":false,"pivot":{"x":0.40907949209213259,"y":-0.39673519134521487,"z":1.1228893995285035},"rotation":{"x":-0.3432193100452423,"y":0.04870342090725899,"z":-0.01789253205060959,"w":-0.9379079937934876},"size":1.6346312761306763,"orthographic":false}