{"cameraMode":{"drawMode":0,"name":"Shaded","section":"Shading Mode"},"sceneLighting":false,"audioPlay":false,"sceneViewState":{"m_AlwaysRefresh":false,"showFog":true,"showSkybox":false,"showFlares":true,"showImageEffects":true,"showParticleSystems":true,"showVisualEffectGraphs":true,"m_FxEnabled":true},"in2DMode":false,"pivot":{"x":-0.6167515516281128,"y":0.2041887640953064,"z":0.004000000189989805},"rotation":{"x":-0.09947732090950012,"y":-0.5554242134094238,"z":0.06715679913759232,"w":-0.8229042887687683},"size":0.8660253882408142,"orthographic":false}