{"cameraMode":{"drawMode":0,"name":"Shaded","section":"Shading Mode"},"sceneLighting":false,"audioPlay":false,"sceneViewState":{"m_AlwaysRefresh":false,"showFog":true,"showSkybox":false,"showFlares":true,"showImageEffects":true,"showParticleSystems":true,"showVisualEffectGraphs":true,"m_FxEnabled":true},"in2DMode":false,"pivot":{"x":0.7746291160583496,"y":7.556853294372559,"z":3.0959713459014894},"rotation":{"x":-0.015512563288211823,"y":0.5762183666229248,"z":0.01130626443773508,"w":0.8172330260276794},"size":8.000636100769043,"orthographic":false}