{"cameraMode":{"drawMode":0,"name":"Shaded","section":"Shading Mode"},"sceneLighting":true,"audioPlay":false,"sceneViewState":{"m_AlwaysRefresh":true,"showFog":true,"showSkybox":true,"showFlares":true,"showImageEffects":true,"showParticleSystems":true,"showVisualEffectGraphs":true,"m_FxEnabled":true},"in2DMode":false,"pivot":{"x":9.698859214782715,"y":1.213132381439209,"z":11.204590797424317},"rotation":{"x":0.24332502484321595,"y":0.06631896644830704,"z":-0.01665205880999565,"w":0.9678239226341248},"size":9.779489517211914,"orthographic":false}